wahl_jahr;kanton_nummer;kanton_bezeichnung;partei_id;partei_bezeichnung_de;partei_bezeichnung_fr;partei_bezeichnung_it;partei_bezeichnung_en;anzahl_listen;anzahl_kandidierende;anzahl_kandidierende_f;anzahl_kandidierende_m;anzahl_gewaehlte;anzahl_gewaehlte_f;anzahl_gewaehlte_m;letzte_wahl_anzahl_gewaehlte;letzte_wahl_anzahl_gewaehlte_f;letzte_wahl_anzahl_gewaehlte_m;differenz_anzahl_gewaehlte;differenz_anzahl_gewaehlte_f;differenz_anzahl_gewaehlte_m;fiktive_waehlende;letzte_wahl_fiktive_waehlende;differenz_fiktive_waehlende;partei_staerke;letzte_wahl_partei_staerke;differenz_partei_staerke;flag_staerkste_partei;partei_rang
2019;0;Schweiz;1;FDP;PLR;PLR;FDP;64;523;195;328;29;10;19;33;7;26;-4;3;-7;366312.85289;413445.31517;-47132;15.110295632;16.39678712;-1.286491488;0;3
2019;0;Schweiz;2;CVP;PDC;PPD;CVP;77;702;281;421;25;7;18;27;9;18;-2;-2;0;275854.99172;293652.36747;-17797;11.378935911;11.645930381;-0.26699447;0;5
2019;0;Schweiz;3;SP;PS;PS;SP;76;604;308;296;39;25;14;43;25;18;-4;0;-4;408134.04423;475074.39668;-66940;16.835407268;18.840928807;-2.005521539;0;2
2019;0;Schweiz;4;SVP;UDC;UDC;SVP;67;569;126;443;53;13;40;65;11;54;-12;2;-14;620349.89936;740966.80071;-120617;25.589247827;29.385929526;-3.796681699;1;1
2019;0;Schweiz;7;EVP;PEV;PEV;EVP;23;306;147;159;3;2;1;2;2;0;1;0;1;50317.220712;47770.03749;2547;2.0755703065;1.8945072219;0.1810630846;0;8
2019;0;Schweiz;8;CSP;PCS;PCS;CSP;6;25;11;14;0;0;0;0;0;0;0;0;0;6237.8000074;5272.4314282;965;0.2573073848;0.2090988398;0.048208545;0;14
2019;0;Schweiz;9;PdA/Sol.;PST/Sol.;PdL/Sol.;PdA/Sol.;12;159;72;87;2;1;1;1;0;1;1;1;0;25428.161469;21573.866544;3854;1.048904056;0.8555958529;0.1933082031;0;10
2019;0;Schweiz;12;FGA;AVF;AVF;FGA;2;37;19;18;0;0;0;;;;0;0;0;7709.3001635;;7709;0.3180063262;;0.3180063262;0;13
2019;0;Schweiz;13;GPS;PES;PES;GPS;49;455;252;203;28;17;11;11;5;6;17;12;5;319996.95751;177944.17526;142053;13.199778799;7.0570705579;6.1427082412;0;4
2019;0;Schweiz;14;SD;DS;DS;SD;6;64;16;48;0;0;0;0;0;0;0;0;0;3201.8493777;3079.2490564;123;0.1320753293;0.1221196357;0.0099556936;0;16
2019;0;Schweiz;16;EDU;UDF;UDF;EDU;11;114;26;88;1;0;1;0;0;0;1;0;1;24147.272346;29939.007839;-5792;0.9960677628;1.1873481694;-0.191280407;0;11
2019;0;Schweiz;18;Lega;Lega;Lega;Lega;1;8;2;6;1;0;1;2;1;1;-1;-1;0;18196.981051;25220.777909;-7024;0.7506200264;1.0002283524;-0.249608326;0;12
2019;0;Schweiz;31;GLP;PVL;PVL;GLP;43;477;194;283;16;8;8;7;3;4;9;5;4;189162.47308;116640.41232;72522;7.8028954435;4.6258306487;3.1770647948;0;6
2019;0;Schweiz;32;BDP;PBD;PBD;BDP;20;207;65;142;3;1;2;7;1;6;-4;0;-4;59206.051339;103476.3631;-44270;2.4422319115;4.1037589143;-1.661527003;0;7
2019;0;Schweiz;33;MCR;MCR;MCR;MCR;1;9;3;6;0;0;0;1;0;1;-1;0;-1;5337.5178557;8183.9989634;-2846;0.2201710153;0.3245684106;-0.104397395;0;15
2019;0;Schweiz;35;Übrige;Autres;Rimanenti;Others;53;386;156;230;0;0;0;1;0;1;-1;0;-1;44666.626894;59262.800059;-14596;1.8424850014;2.3502975631;-0.507812562;0;9
2019;1;Zürich;1;FDP;PLR;PLR;FDP;2;70;21;49;5;2;3;5;2;3;0;0;0;57290.188554;65541.168516;-8251;13.660914879;15.321626513;-1.660711634;0;5
2019;1;Zürich;2;CVP;PDC;PPD;CVP;4;140;82;58;1;0;1;2;2;0;-1;-2;1;18487.833544;17897.235757;591;4.4084463101;4.1838552483;0.2245910618;0;6
2019;1;Zürich;3;SP;PS;PS;SP;2;69;33;36;7;5;2;9;5;4;-2;0;-2;72590.406127;91508.239784;-18918;17.309270298;21.391975525;-4.082705227;0;2
2019;1;Zürich;4;SVP;UDC;UDC;SVP;3;103;21;82;10;2;8;12;2;10;-2;0;-2;111972.63333;131246.23282;-19274;26.700010093;30.681567111;-3.981557018;1;1
2019;1;Zürich;7;EVP;PEV;PEV;EVP;3;105;69;36;1;0;1;1;1;0;0;-1;1;13845.608799;13335.723463;510;3.3015021947;3.1175058181;0.1839963766;0;7
2019;1;Zürich;9;PdA/Sol.;PST/Sol.;PdL/Sol.;PdA/Sol.;1;35;9;26;0;0;0;0;0;0;0;0;0;1300.9264071;1026.6532965;274;0.3102074781;0.2400017992;0.0702056789;0;12
2019;1;Zürich;12;FGA;AVF;AVF;FGA;1;35;18;17;0;0;0;;;;0;0;0;6741.2477066;;6741;1.6074586839;;1.6074586839;0;10
2019;1;Zürich;13;GPS;PES;PES;GPS;3;89;46;43;5;3;2;2;0;2;3;3;0;59035.609885;29469.966711;29566;14.07711271;6.8892244905;7.1878882193;0;3
2019;1;Zürich;14;SD;DS;DS;SD;1;35;8;27;0;0;0;0;0;0;0;0;0;782.83751593;753.42664786;29;0.1866685542;0.176129324;0.0105392303;0;13
2019;1;Zürich;16;EDU;UDF;UDF;EDU;1;35;8;27;0;0;0;0;0;0;0;0;0;6753.6905759;8815.5081964;-2062;1.6104257012;2.0608104366;-0.450384735;0;9
2019;1;Zürich;31;GLP;PVL;PVL;GLP;4;140;59;81;6;4;2;3;1;2;3;3;0;58689.42225;34905.350531;23784;13.994563849;8.1598597679;5.8347040809;0;4
2019;1;Zürich;32;BDP;PBD;PBD;BDP;1;35;15;20;0;0;0;1;1;0;-1;-1;0;6878.8089425;15497.212186;-8618;1.6402603273;3.6227992646;-1.982538937;0;8
2019;1;Zürich;35;Übrige;Autres;Rimanenti;Others;6;75;26;49;0;0;0;0;0;0;0;0;0;5003.7863643;17772.282094;-12768;1.1931589216;4.1546447018;-2.96148578;0;11
2019;2;Bern / Berne;1;FDP;PLR;PLR;FDP;3;68;25;43;2;1;1;2;1;1;0;0;0;29069.385729;33032.95407;-3964;8.360142453;9.3306312993;-0.970488846;0;5
2019;2;Bern / Berne;2;CVP;PDC;PPD;CVP;2;48;16;32;0;0;0;0;0;0;0;0;0;6511.5386945;6495.5252346;16;1.8726708428;1.8347541952;0.0379166476;0;10
2019;2;Bern / Berne;3;SP;PS;PS;SP;4;82;41;41;4;3;1;6;3;3;-2;0;-2;58495.534036;69663.135654;-11168;16.822887211;19.677351065;-2.854463854;0;2
2019;2;Bern / Berne;4;SVP;UDC;UDC;SVP;2;48;14;34;7;2;5;9;2;7;-2;0;-2;104421.39314;117263.25169;-12842;30.030827962;33.122686034;-3.091858072;1;1
2019;2;Bern / Berne;7;EVP;PEV;PEV;EVP;2;48;21;27;1;1;0;1;1;0;0;0;0;14522.660293;15249.593672;-727;4.1766107471;4.3074662871;-0.13085554;0;7
2019;2;Bern / Berne;9;PdA/Sol.;PST/Sol.;PdL/Sol.;PdA/Sol.;1;22;12;10;0;0;0;0;0;0;0;0;0;2145.9279597;1843.9128947;302;0.617153166;0.5208396237;0.0963135423;0;11
2019;2;Bern / Berne;13;GPS;PES;PES;GPS;2;48;29;19;4;3;1;2;2;0;2;1;1;47237.093284;30116.423749;17121;13.585042099;8.506815511;5.0782265881;0;3
2019;2;Bern / Berne;14;SD;DS;DS;SD;1;12;4;8;0;0;0;0;0;0;0;0;0;1272.7973837;1571.1499661;-298;0.3660472065;0.4437938254;-0.077746619;0;12
2019;2;Bern / Berne;16;EDU;UDF;UDF;EDU;1;24;4;20;1;0;1;0;0;0;1;0;1;8525.5508989;10059.63557;-1534;2.4518860037;2.8414882395;-0.389602236;0;9
2019;2;Bern / Berne;31;GLP;PVL;PVL;GLP;3;72;36;36;3;2;1;2;1;1;1;1;0;33850.552166;21233.799344;12617;9.7351709065;5.9977909436;3.7373799629;0;4
2019;2;Bern / Berne;32;BDP;PBD;PBD;BDP;2;48;16;32;2;1;1;3;0;3;-1;1;-2;27961.209093;41619.460069;-13658;8.0414389679;11.756012979;-3.714574011;0;6
2019;2;Bern / Berne;35;Übrige;Autres;Rimanenti;Others;11;131;56;75;0;0;0;0;0;0;0;0;0;13700.357321;5878.1580913;7822;3.9401224343;1.6603699976;2.2797524367;0;8
2019;3;Luzern;1;FDP;PLR;PLR;FDP;3;26;15;11;1;0;1;2;0;2;-1;0;-1;20712.596456;25130.601162;-4418;15.558173557;18.465891575;-2.907718018;0;3
2019;3;Luzern;2;CVP;PDC;PPD;CVP;8;57;22;35;3;2;1;3;2;1;0;0;0;33934.992449;32460.178703;1475;25.490116765;23.851643523;1.638473242;1;1
2019;3;Luzern;3;SP;PS;PS;SP;6;49;26;23;1;1;0;1;1;0;0;0;0;17996.046908;18452.790995;-457;13.517649597;13.55905637;-0.041406773;0;4
2019;3;Luzern;4;SVP;UDC;UDC;SVP;7;55;16;39;2;1;1;3;1;2;-1;0;-1;32944.361719;38806.696535;-5862;24.746008953;28.515046098;-3.769037145;0;2
2019;3;Luzern;7;EVP;PEV;PEV;EVP;1;9;3;6;0;0;0;0;0;0;0;0;0;948.11101954;858.71135071;89;0.7121693229;0.6309785665;0.0811907564;0;7
2019;3;Luzern;13;GPS;PES;PES;GPS;3;26;14;12;1;0;1;1;0;1;0;0;0;16279.439796;9625.3717566;6654;12.228227894;7.0726947628;5.1555331314;0;5
2019;3;Luzern;14;SD;DS;DS;SD;1;2;0;2;0;0;0;0;0;0;0;0;0;198.12614608;118.78806653;79;0.1488215624;0.0872851207;0.0615364417;0;9
2019;3;Luzern;31;GLP;PVL;PVL;GLP;3;23;10;13;1;0;1;0;0;0;1;0;1;9449.3606487;7851.234072;1598;7.0978446997;5.7690636275;1.3287810722;0;6
2019;3;Luzern;32;BDP;PBD;PBD;BDP;;;;;;;;0;0;0;0;0;0;;1860.6760548;-1861;;1.3672192743;-1.367219274;;
2019;3;Luzern;35;Übrige;Autres;Rimanenti;Others;1;5;2;3;0;0;0;0;0;0;0;0;0;666.96485755;926.95130382;-260;0.5009876493;0.6811210827;-0.180133433;0;8
2019;4;Uri;2;CVP;PDC;PPD;CVP;;;;;1;0;1;0;0;0;1;0;1;4685;3903;782;39.205020921;26.846884028;12.358136892;1;1
2019;4;Uri;3;SP;PS;PS;SP;;;;;0;0;0;;;;0;0;0;2659;;2659;22.251046025;;22.251046025;0;3
2019;4;Uri;4;SVP;UDC;UDC;SVP;;;;;0;0;0;1;0;1;-1;0;-1;4341;6409;-2068;36.326359833;44.08446829;-7.758108457;0;2
2019;4;Uri;13;GPS;PES;PES;GPS;;;;;;;;0;0;0;0;0;0;;3821;-3821;;26.282844958;-26.28284496;;
2019;4;Uri;35;Übrige;Autres;Rimanenti;Others;;;;;0;0;0;0;0;0;0;0;0;265;405;-140;2.2175732218;2.7858027239;-0.568229502;0;4
2019;5;Schwyz;1;FDP;PLR;PLR;FDP;5;20;7;13;1;1;0;1;1;0;0;0;0;11803.352211;11185.955055;617;23.098084599;20.603321033;2.4947635661;0;2
2019;5;Schwyz;2;CVP;PDC;PPD;CVP;4;16;5;11;1;0;1;1;0;1;0;0;0;9401.485431;10561.897565;-1160;18.397850201;19.453874539;-1.056024338;0;3
2019;5;Schwyz;3;SP;PS;PS;SP;6;24;12;12;0;0;0;0;0;0;0;0;0;7059.5087041;7105.290203;-46;13.814815178;13.087177122;0.7276380563;0;4
2019;5;Schwyz;4;SVP;UDC;UDC;SVP;2;8;0;8;2;0;2;2;0;2;0;0;0;18852.586889;23146.973487;-4294;36.892794445;42.634225092;-5.741430647;1;1
2019;5;Schwyz;7;EVP;PEV;PEV;EVP;1;4;2;2;0;0;0;;;;0;0;0;307.97019017;;308;0.6026695958;;0.6026695958;0;7
2019;5;Schwyz;13;GPS;PES;PES;GPS;1;4;2;2;0;0;0;0;0;0;0;0;0;1333.6186754;763.54385609;570;2.6097702108;1.4063653137;1.2034048971;0;6
2019;5;Schwyz;31;GLP;PVL;PVL;GLP;2;8;1;7;0;0;0;0;0;0;0;0;0;2342.4778988;1528.3398339;814;4.5840157704;2.8150369004;1.7689788701;0;5
2019;6;Obwalden;1;FDP;PLR;PLR;FDP;;;;;0;0;0;;;;0;0;0;1683;;1683;11.591707418;;11.591707418;0;3
2019;6;Obwalden;2;CVP;PDC;PPD;CVP;;;;;0;0;0;;;;0;0;0;5325;;5325;36.67607962;;36.67607962;0;2
2019;6;Obwalden;3;SP;PS;PS;SP;;;;;0;0;0;;;;0;0;0;424;;424;2.9203113162;;2.9203113162;0;5
2019;6;Obwalden;4;SVP;UDC;UDC;SVP;;;;;1;1;0;0;0;0;1;1;0;5412;5227;185;37.275294442;34.528999868;2.7462945739;1;1
2019;6;Obwalden;35;Übrige;Autres;Rimanenti;Others;;;;;0;0;0;1;0;1;-1;0;-1;1675;9911;-8236;11.536607204;65.471000132;-53.93439293;0;4
2019;7;Nidwalden;2;CVP;PDC;PPD;CVP;;;;;0;0;0;;;;0;0;0;5383;;5383;35.795983508;;35.795983508;0;2
2019;7;Nidwalden;4;SVP;UDC;UDC;SVP;;;;;1;0;1;1;0;1;0;0;0;9655;13380;-3725;64.204016492;82.817529091;-18.6135126;1;1
2019;7;Nidwalden;35;Übrige;Autres;Rimanenti;Others;;;;;;;;0;0;0;0;0;0;;2776;-2776;;17.182470909;-17.18247091;;
2019;8;Glarus;3;SP;PS;PS;SP;;;;;0;0;0;0;0;0;0;0;0;2861;4742;-1881;28.192747339;45.003321629;-16.81057429;0;2
2019;8;Glarus;13;GPS;PES;PES;GPS;;;;;0;0;0;;;;0;0;0;279;;279;2.7493102089;;2.7493102089;0;4
2019;8;Glarus;32;BDP;PBD;PBD;BDP;;;;;1;0;1;1;0;1;0;0;0;6396;5423;973;63.027197477;51.466261744;11.560935733;1;1
2019;8;Glarus;35;Übrige;Autres;Rimanenti;Others;;;;;0;0;0;0;0;0;0;0;0;612;372;240;6.0307449744;3.5304166271;2.5003283473;0;3
2019;9;Zug;1;FDP;PLR;PLR;FDP;3;9;3;6;0;0;0;1;0;1;-1;0;-1;5766.5143134;6891.4390217;-1125;14.676798965;17.640051762;-2.963252796;0;4
2019;9;Zug;2;CVP;PDC;PPD;CVP;4;12;8;4;1;0;1;1;0;1;0;0;0;9343.7124719;10330.462614;-987;23.781401048;26.442938066;-2.661537018;0;2
2019;9;Zug;3;SP;PS;PS;SP;7;21;9;12;0;0;0;0;0;0;0;0;0;3671.8188781;5372.8047717;-1701;9.345428552;13.752795893;-4.407367341;0;5
2019;9;Zug;4;SVP;UDC;UDC;SVP;3;9;2;7;1;0;1;1;0;1;0;0;0;10455.42234;11899.651047;-1444;26.610899312;30.459597734;-3.848698422;1;1
2019;9;Zug;7;EVP;PEV;PEV;EVP;1;3;1;2;0;0;0;;;;0;0;0;322.31227449;;322;0.8203417523;;0.8203417523;0;7
2019;9;Zug;13;GPS;PES;PES;GPS;5;15;11;4;1;1;0;0;0;0;1;1;0;7555.2805671;2796.2154445;4759;19.229525495;7.1574869953;12.0720385;0;3
2019;9;Zug;31;GLP;PVL;PVL;GLP;2;6;3;3;0;0;0;0;0;0;0;0;0;2174.9391552;1398.7773141;776;5.5356048744;3.5804574553;1.9551474191;0;6
2019;9;Zug;35;Übrige;Autres;Rimanenti;Others;;;;;;;;0;0;0;0;0;0;;377.64978704;-378;;0.9666720942;-0.966672094;;
2019;10;Fribourg / Freiburg;1;FDP;PLR;PLR;FDP;2;14;6;8;1;0;1;1;0;1;0;0;0;13502.201152;12895.690088;607;15.420336853;14.1813734;1.2389634531;0;4
2019;10;Fribourg / Freiburg;2;CVP;PDC;PPD;CVP;5;35;15;20;2;2;0;2;1;1;0;1;-1;15587.100927;20617.49196;-5030;17.801419498;22.673028746;-4.871609248;0;3
2019;10;Fribourg / Freiburg;3;SP;PS;PS;SP;5;32;15;17;2;2;0;2;1;1;0;1;-1;18585.541593;22004.340205;-3419;21.225821533;24.198143934;-2.9723224;1;1
2019;10;Fribourg / Freiburg;4;SVP;UDC;UDC;SVP;2;14;2;12;1;0;1;2;0;2;-1;0;-1;17670.839359;23583.51661;-5913;20.181175819;25.934762147;-5.753586328;0;2
2019;10;Fribourg / Freiburg;7;EVP;PEV;PEV;EVP;1;7;2;5;0;0;0;0;0;0;0;0;0;650.64202689;609.71502834;41;0.7430728599;0.6705028134;0.0725700465;0;9
2019;10;Fribourg / Freiburg;8;CSP;PCS;PCS;CSP;1;7;3;4;0;0;0;0;0;0;0;0;0;2846.7403274;1654.3408002;1192;3.2511510003;1.8192763985;1.4318746018;0;7
2019;10;Fribourg / Freiburg;13;GPS;PES;PES;GPS;1;7;4;3;1;0;1;0;0;0;1;0;1;10913.423984;4806.3212935;6107;12.463795507;5.2855051944;7.178290313;0;5
2019;10;Fribourg / Freiburg;16;EDU;UDF;UDF;EDU;1;3;0;3;0;0;0;0;0;0;0;0;0;643.0933019;688.9345344;-46;0.7344517558;0.7576203998;-0.023168644;0;10
2019;10;Fribourg / Freiburg;31;GLP;PVL;PVL;GLP;2;14;8;6;0;0;0;0;0;0;0;0;0;4710.8398961;2904.7634973;1806;5.3800663493;3.1943645911;2.1857017583;0;6
2019;10;Fribourg / Freiburg;32;BDP;PBD;PBD;BDP;1;3;0;3;0;0;0;0;0;0;0;0;0;570.94491114;1168.8859843;-598;0.6520538952;1.285422377;-0.633368482;0;11
2019;10;Fribourg / Freiburg;35;Übrige;Autres;Rimanenti;Others;4;18;6;12;0;0;0;;;;0;0;0;1879.6325221;;1880;2.1466549287;;2.1466549287;0;8
2019;11;Solothurn;1;FDP;PLR;PLR;FDP;4;24;3;21;1;0;1;1;0;1;0;0;0;14715.638107;18517.195984;-3802;18.520253856;21.224363555;-2.704109699;0;2
2019;11;Solothurn;2;CVP;PDC;PPD;CVP;4;24;13;11;1;0;1;1;0;1;0;0;0;11282.028345;12911.739763;-1630;14.198910536;14.799403705;-0.600493169;0;4
2019;11;Solothurn;3;SP;PS;PS;SP;5;30;18;12;1;1;0;2;1;1;-1;0;-1;14651.912993;17473.872169;-2822;18.440053101;20.028508418;-1.588455317;0;3
2019;11;Solothurn;4;SVP;UDC;UDC;SVP;4;24;5;19;2;0;2;2;0;2;0;0;0;20586.73348;25152.065035;-4565;25.909276062;28.829233807;-2.919957746;1;1
2019;11;Solothurn;7;EVP;PEV;PEV;EVP;1;6;1;5;0;0;0;0;0;0;0;0;0;953.02584997;1049.1898922;-96;1.1994233988;1.2025788208;-0.003155422;0;8
2019;11;Solothurn;13;GPS;PES;PES;GPS;3;18;10;8;1;0;1;0;0;0;1;0;1;9071.7730741;4846.7209748;4225;11.41721066;5.5552994152;5.8619112447;0;5
2019;11;Solothurn;14;SD;DS;DS;SD;1;2;1;1;0;0;0;;;;0;0;0;478.77684351;;479;0.6025609367;;0.6025609367;0;10
2019;11;Solothurn;16;EDU;UDF;UDF;EDU;;;;;;;;0;0;0;0;0;0;;440.7938365;-441;;0.5052367889;-0.505236789;;
2019;11;Solothurn;31;GLP;PVL;PVL;GLP;3;18;5;13;0;0;0;0;0;0;0;0;0;5409.4236921;3010.1358568;2399;6.8079888394;3.4502101631;3.3577786763;0;6
2019;11;Solothurn;32;BDP;PBD;PBD;BDP;3;18;6;12;0;0;0;0;0;0;0;0;0;1580.2151301;2984.3251151;-1404;1.9887676732;3.4206259557;-1.431858283;0;7
2019;11;Solothurn;35;Übrige;Autres;Rimanenti;Others;1;2;0;2;0;0;0;0;0;0;0;0;0;727.47248586;858.9613734;-131;0.9155549365;0.98453937;-0.068984434;0;9
2019;12;Basel-Stadt;1;FDP;PLR;PLR;FDP;3;15;8;7;0;0;0;0;0;0;0;0;0;3246.2104458;5475.5599051;-2229;6.044409276;9.8181099249;-3.773700649;0;5
2019;12;Basel-Stadt;2;CVP;PDC;PPD;CVP;3;15;6;9;0;0;0;0;0;0;0;0;0;2454.4029084;3595.510083;-1141;4.5700720746;6.4470326036;-1.876960529;0;7
2019;12;Basel-Stadt;3;SP;PS;PS;SP;3;15;7;8;2;1;1;2;1;1;0;0;0;17535.028946;18577.169632;-1042;32.650037138;33.310327474;-0.660290336;1;1
2019;12;Basel-Stadt;4;SVP;UDC;UDC;SVP;4;20;10;10;0;0;0;1;0;1;-1;0;-1;6632.9416722;9842.4958482;-3210;12.350466749;17.648369819;-5.29790307;0;4
2019;12;Basel-Stadt;5;LPS;PL;PLS;LPS;3;15;6;9;1;0;1;1;0;1;0;0;0;8234.1970162;6438.2384342;1796;15.331987145;11.544268306;3.7877188394;0;3
2019;12;Basel-Stadt;7;EVP;PEV;PEV;EVP;1;5;2;3;0;0;0;0;0;0;0;0;0;1083.6738094;1292.8600237;-209;2.0177890914;2.3181997915;-0.3004107;0;9
2019;12;Basel-Stadt;13;GPS;PES;PES;GPS;3;15;11;4;1;1;0;1;1;0;0;0;0;9503.2941097;6235.1577699;3268;17.695032417;11.180128689;6.5149037277;0;2
2019;12;Basel-Stadt;16;EDU;UDF;UDF;EDU;1;5;1;4;0;0;0;0;0;0;0;0;0;151.54594893;256.0059312;-104;0.2821769429;0.4590387864;-0.176861844;0;11
2019;12;Basel-Stadt;31;GLP;PVL;PVL;GLP;2;10;4;6;1;1;0;0;0;0;1;1;0;3060.3862465;2678.539739;382;5.6984065961;4.8028325964;0.8955739996;0;6
2019;12;Basel-Stadt;32;BDP;PBD;PBD;BDP;1;4;0;4;0;0;0;0;0;0;0;0;0;197.45074034;613.65243179;-416;0.3676511756;1.1003271146;-0.732675939;0;10
2019;12;Basel-Stadt;35;Übrige;Autres;Rimanenti;Others;4;14;6;8;0;0;0;0;0;0;0;0;0;1606.8681569;764.81020166;842;2.9919713941;1.3713648945;1.6206064996;0;8
2019;13;Basel-Landschaft;1;FDP;PLR;PLR;FDP;2;14;5;9;1;1;0;1;1;0;0;0;0;13090.20487;13750.209343;-660;16.519484699;15.796123223;0.7233614754;0;4
2019;13;Basel-Landschaft;2;CVP;PDC;PPD;CVP;3;21;10;11;1;1;0;1;1;0;0;0;0;6726.2025334;7916.6565054;-1190;8.488285778;9.0945874752;-0.606301697;0;5
2019;13;Basel-Landschaft;3;SP;PS;PS;SP;3;21;13;8;2;1;1;2;1;1;0;0;0;17271.009301;19297.245576;-2026;21.795546877;22.168511139;-0.372964262;0;2
2019;13;Basel-Landschaft;4;SVP;UDC;UDC;SVP;3;21;6;15;2;1;1;2;1;1;0;0;0;19927.385544;25926.949422;-6000;25.14782189;29.784658375;-4.636836485;1;1
2019;13;Basel-Landschaft;7;EVP;PEV;PEV;EVP;2;14;7;7;0;0;0;0;0;0;0;0;0;2770.831505;1904.4081631;866;3.4967144597;2.1877678558;1.3089466039;0;7
2019;13;Basel-Landschaft;13;GPS;PES;PES;GPS;3;21;11;10;1;1;0;1;1;0;0;0;0;14259.966625;12356.154391;1904;17.995692413;14.194644783;3.8010476305;0;3
2019;13;Basel-Landschaft;16;EDU;UDF;UDF;EDU;;;;;;;;0;0;0;0;0;0;;389.4498161;-389;;0.4473966273;-0.447396627;;
2019;13;Basel-Landschaft;31;GLP;PVL;PVL;GLP;2;14;5;9;0;0;0;0;0;0;0;0;0;4166.1715429;2385.0027498;1781;5.2575958694;2.7398708181;2.5177250513;0;6
2019;13;Basel-Landschaft;32;BDP;PBD;PBD;BDP;1;7;2;5;0;0;0;0;0;0;0;0;0;937.37410914;2461.7713736;-1524;1.1829407871;2.8280619584;-1.645121171;0;8
2019;13;Basel-Landschaft;35;Übrige;Autres;Rimanenti;Others;1;1;0;1;0;0;0;0;0;0;0;0;0;91.853969891;660.15265985;-568;0.1159172271;0.7583777454;-0.642460518;0;9
2019;14;Schaffhausen;1;FDP;PLR;PLR;FDP;2;4;1;3;0;0;0;0;0;0;0;0;0;3352.8037658;4004.611473;-652;11.034767528;12.901870141;-1.867102613;0;3
2019;14;Schaffhausen;2;CVP;PDC;PPD;CVP;1;2;0;2;0;0;0;;;;0;0;0;650.88856223;;651;2.1422082748;;2.1422082748;0;8
2019;14;Schaffhausen;3;SP;PS;PS;SP;2;4;1;3;1;1;0;1;1;0;0;0;0;7947.1636634;8943.3981606;-996;26.15575192;28.813422341;-2.657670421;0;2
2019;14;Schaffhausen;4;SVP;UDC;UDC;SVP;3;5;0;5;1;0;1;1;0;1;0;0;0;11986.988587;14058.283398;-2071;39.451647535;45.292320623;-5.840673088;1;1
2019;14;Schaffhausen;7;EVP;PEV;PEV;EVP;1;2;1;1;0;0;0;;;;0;0;0;571.09574697;;571;1.8795936906;;1.8795936906;0;9
2019;14;Schaffhausen;12;FGA;AVF;AVF;FGA;1;2;1;1;0;0;0;;;;0;0;0;968.05245685;;968;3.1860599554;;3.1860599554;0;7
2019;14;Schaffhausen;13;GPS;PES;PES;GPS;2;4;2;2;0;0;0;0;0;0;0;0;0;2075.1150384;1062.6117639;1013;6.8296308531;3.4234729339;3.4061579192;0;4
2019;14;Schaffhausen;16;EDU;UDF;UDF;EDU;1;2;1;1;0;0;0;0;0;0;0;0;0;1024.2587167;1591.4091196;-567;3.3710463292;5.1271275478;-1.756081219;0;6
2019;14;Schaffhausen;31;GLP;PVL;PVL;GLP;2;4;0;4;0;0;0;;;;0;0;0;1807.6334627;;1808;5.9492939136;;5.9492939136;0;5
2019;14;Schaffhausen;35;Übrige;Autres;Rimanenti;Others;;;;;;;;0;0;0;0;0;0;;1378.6860847;-1379;;4.4417864128;-4.441786413;;
2019;15;Appenzell Ausserrhoden;1;FDP;PLR;PLR;FDP;;;;;0;0;0;0;0;0;0;0;0;7561;5949;1612;48.436899423;33.581710415;14.855189009;0;2
2019;15;Appenzell Ausserrhoden;3;SP;PS;PS;SP;;;;;;;;0;0;0;0;0;0;;5058;-5058;;28.552074513;-28.55207451;;
2019;15;Appenzell Ausserrhoden;4;SVP;UDC;UDC;SVP;;;;;1;0;1;1;0;1;0;0;0;7720;6394;1326;49.455477258;36.093705899;13.361771359;1;1
2019;15;Appenzell Ausserrhoden;35;Übrige;Autres;Rimanenti;Others;;;;;0;0;0;0;0;0;0;0;0;329;314;15;2.1076233184;1.772509173;0.3351141454;0;3
2019;16;Appenzell Innerrhoden;2;CVP;PDC;PPD;CVP;;;;;1;0;1;1;0;1;0;0;0;3460;3121;339;61.271471578;76.30806846;-15.03659688;1;1
2019;16;Appenzell Innerrhoden;3;SP;PS;PS;SP;;;;;0;0;0;0;0;0;0;0;0;493;739;-246;8.730299274;18.068459658;-9.338160384;0;3
2019;16;Appenzell Innerrhoden;4;SVP;UDC;UDC;SVP;;;;;0;0;0;;;;0;0;0;1642;;1642;29.077386223;;29.077386223;0;2
2019;16;Appenzell Innerrhoden;35;Übrige;Autres;Rimanenti;Others;;;;;0;0;0;0;0;0;0;0;0;52;230;-178;0.9208429254;5.6234718826;-4.702628957;0;4
2019;17;St. Gallen;1;FDP;PLR;PLR;FDP;4;42;20;22;2;1;1;2;0;2;0;1;-1;20118.869817;20815.800747;-697;14.994611338;14.293523183;0.7010881548;0;3
2019;17;St. Gallen;2;CVP;PDC;PPD;CVP;4;48;12;36;2;0;2;3;0;3;-1;0;-1;25198.452783;24105.589819;1093;18.780428983;16.552512733;2.2279162493;0;2
2019;17;St. Gallen;3;SP;PS;PS;SP;2;22;10;12;2;2;0;2;2;0;0;0;0;17026.828844;20650.117635;-3623;12.690110486;14.17975406;-1.489643574;0;4
2019;17;St. Gallen;4;SVP;UDC;UDC;SVP;4;48;7;41;4;1;3;5;1;4;-1;0;-1;42022.280327;52132.850977;-10111;31.319242422;35.79790771;-4.478665288;1;1
2019;17;St. Gallen;7;EVP;PEV;PEV;EVP;1;12;4;8;0;0;0;0;0;0;0;0;0;2098.8598508;2549.8050877;-451;1.5642820895;1.7508669773;-0.186584888;0;7
2019;17;St. Gallen;13;GPS;PES;PES;GPS;3;36;19;17;1;1;0;0;0;0;1;1;0;14136.103814;8367.9638369;5768;10.535650584;5.7460045161;4.7896460675;0;5
2019;17;St. Gallen;14;SD;DS;DS;SD;1;4;0;4;0;0;0;0;0;0;0;0;0;337.57708927;404.16255766;-67;0.251596501;0.2775250858;-0.025928585;0;11
2019;17;St. Gallen;16;EDU;UDF;UDF;EDU;1;7;1;6;0;0;0;0;0;0;0;0;0;1244.4679117;1356.2310119;-112;0.9275030272;0.9312790628;-0.003776036;0;9
2019;17;St. Gallen;31;GLP;PVL;PVL;GLP;2;24;8;16;1;0;1;0;0;0;1;0;1;9819.5664149;7117.6489694;2702;7.3185314703;4.8874545732;2.4310768971;0;6
2019;17;St. Gallen;32;BDP;PBD;PBD;BDP;1;5;0;5;0;0;0;0;0;0;0;0;0;853.97059976;5293.2013506;-4439;0.6364650378;3.6346666236;-2.998201586;0;10
2019;17;St. Gallen;35;Übrige;Autres;Rimanenti;Others;2;7;3;4;0;0;0;0;0;0;0;0;0;1317.0225482;2837.6280073;-1521;0.9815780615;1.9485054743;-0.966927413;0;8
2019;18;Graubünden / Grigioni / Grischun;1;FDP;PLR;PLR;FDP;4;20;5;15;1;1;0;0;0;0;1;1;0;7952.0695177;8037.0770392;-85;13.630094131;13.263816614;0.3662775164;0;4
2019;18;Graubünden / Grigioni / Grischun;2;CVP;PDC;PPD;CVP;3;15;7;8;1;0;1;1;0;1;0;0;0;9538.0867813;10185.67041;-648;16.348576979;16.809701306;-0.461124327;0;3
2019;18;Graubünden / Grigioni / Grischun;3;SP;PS;PS;SP;3;15;8;7;2;1;1;1;1;0;1;0;1;9987.4314485;10676.881085;-689;17.118767695;17.620360241;-0.501592546;0;2
2019;18;Graubünden / Grigioni / Grischun;4;SVP;UDC;UDC;SVP;5;25;6;19;1;1;0;2;1;1;-1;0;-1;17466.963015;18016.027944;-549;29.938917101;29.732362848;0.2065542528;1;1
2019;18;Graubünden / Grigioni / Grischun;13;GPS;PES;PES;GPS;1;5;3;2;0;0;0;;;;0;0;0;3218.4210952;;3218;5.5164737157;;5.5164737157;0;7
2019;18;Graubünden / Grigioni / Grischun;31;GLP;PVL;PVL;GLP;2;10;3;7;0;0;0;0;0;0;0;0;0;4869.9845962;4769.6596829;100;8.347304851;7.8715049062;0.4757999448;0;6
2019;18;Graubünden / Grigioni / Grischun;32;BDP;PBD;PBD;BDP;2;10;3;7;0;0;0;1;0;1;-1;0;-1;5309.0435462;8773.0871275;-3464;9.0998655277;14.478474977;-5.378609449;0;5
2019;18;Graubünden / Grigioni / Grischun;35;Übrige;Autres;Rimanenti;Others;;;;;;;;0;0;0;0;0;0;;135.59671214;-136;;0.2237791071;-0.223779107;;
2019;19;Aargau;1;FDP;PLR;PLR;FDP;2;32;11;21;2;0;2;3;1;2;-1;-1;0;25702.371105;29980.963258;-4279;13.554601603;15.144654209;-1.590052606;0;3
2019;19;Aargau;2;CVP;PDC;PPD;CVP;9;127;42;85;2;2;0;1;1;0;1;1;0;18762.200008;17002.206109;1760;9.8945791909;8.5885343341;1.3060448568;0;4
2019;19;Aargau;3;SP;PS;PS;SP;5;74;41;33;3;2;1;2;1;1;1;1;0;31223.593911;31825.686102;-602;16.466316447;16.07650184;0.3898146078;0;2
2019;19;Aargau;4;SVP;UDC;UDC;SVP;2;32;8;24;6;1;5;7;1;6;-1;0;-1;59784.310102;75216.243463;-15432;31.528317065;37.994909914;-6.46659285;1;1
2019;19;Aargau;7;EVP;PEV;PEV;EVP;3;48;19;29;1;1;0;0;0;0;1;1;0;6908.9268009;6604.9828971;304;3.6435451774;3.3364565765;0.3070886009;0;7
2019;19;Aargau;13;GPS;PES;PES;GPS;2;32;16;16;1;1;0;1;0;1;0;1;-1;18547.80825;10828.504066;7719;9.7815158922;5.4699359815;4.3115799106;0;5
2019;19;Aargau;16;EDU;UDF;UDF;EDU;1;16;6;10;0;0;0;0;0;0;0;0;0;1890.4069435;2229.2039228;-339;0.9969396551;1.1260653062;-0.129125651;0;10
2019;19;Aargau;31;GLP;PVL;PVL;GLP;3;46;14;32;1;0;1;1;0;1;0;0;0;16128.280416;10247.50198;5881;8.5055349441;5.1764472228;3.3290877213;0;6
2019;19;Aargau;32;BDP;PBD;PBD;BDP;3;48;18;30;0;0;0;1;0;1;-1;0;-1;5817.7260985;10148.19514;-4330;3.0680811189;5.1262831324;-2.058202014;0;8
2019;19;Aargau;35;Übrige;Autres;Rimanenti;Others;6;41;12;29;0;0;0;0;0;0;0;0;0;4855.3763665;3880.5130614;975;2.5605689067;1.9602114836;0.6003574231;0;9
2019;20;Thurgau;1;FDP;PLR;PLR;FDP;3;18;9;9;0;0;0;1;0;1;-1;0;-1;8273.9437497;9937.2066961;-1663;11.453251962;13.007496068;-1.554244106;0;4
2019;20;Thurgau;2;CVP;PDC;PPD;CVP;3;18;10;8;1;0;1;1;0;1;0;0;0;9168.6007831;10029.918257;-861;12.691685861;13.128852633;-0.437166771;0;2
2019;20;Thurgau;3;SP;PS;PS;SP;3;18;11;7;1;1;0;1;1;0;0;0;0;9132.7407709;9697.0603234;-564;12.642046443;12.693151897;-0.051105454;0;3
2019;20;Thurgau;4;SVP;UDC;UDC;SVP;2;12;3;9;3;2;1;3;1;2;0;1;-1;26494.181351;30455.747885;-3962;36.674715675;39.865631558;-3.190915883;1;1
2019;20;Thurgau;7;EVP;PEV;PEV;EVP;2;12;7;5;0;0;0;0;0;0;0;0;0;1926.8891603;1792.4793015;134;2.667306876;2.3462999391;0.3210069369;0;8
2019;20;Thurgau;13;GPS;PES;PES;GPS;3;18;9;9;1;0;1;0;0;0;1;0;1;7656.9504557;4153.9465243;3503;10.599175615;5.4373874604;5.1617881541;0;5
2019;20;Thurgau;16;EDU;UDF;UDF;EDU;1;6;0;6;0;0;0;0;0;0;0;0;0;2058.2641583;2620.0220282;-562;2.8491634366;3.4295277609;-0.580364324;0;7
2019;20;Thurgau;31;GLP;PVL;PVL;GLP;3;18;8;10;0;0;0;0;0;0;0;0;0;5886.0691055;4711.7220365;1174;8.1478234043;6.1674983461;1.9803250582;0;6
2019;20;Thurgau;32;BDP;PBD;PBD;BDP;3;15;2;13;0;0;0;0;0;0;0;0;0;1643.3604657;2873.2216532;-1230;2.2748307273;3.7609582349;-1.486127508;0;9
2019;20;Thurgau;35;Übrige;Autres;Rimanenti;Others;;;;;;;;0;0;0;0;0;0;;124.67529452;-125;;0.1631961026;-0.163196103;;
2019;21;Ticino;1;FDP;PLR;PLR;FDP;1;8;3;5;2;0;2;2;0;2;0;0;0;22066.179041;27599.453915;-5533;20.526678178;23.729830461;-3.203152283;1;1
2019;21;Ticino;2;CVP;PDC;PPD;CVP;4;28;3;25;2;0;2;2;0;2;0;0;0;19563.682046;23354.934551;-3791;18.198773996;20.080420397;-1.881646401;0;2
2019;21;Ticino;3;SP;PS;PS;SP;3;20;10;10;1;1;0;1;1;0;0;0;0;15120.941711;18530.990839;-3410;14.065992289;15.932825057;-1.866832768;0;4
2019;21;Ticino;4;SVP;UDC;UDC;SVP;3;24;3;21;1;0;1;1;0;1;0;0;0;12533.138148;13147.268605;-614;11.658733161;11.303935795;0.3547973656;0;6
2019;21;Ticino;9;PdA/Sol.;PST/Sol.;PdL/Sol.;PdA/Sol.;1;8;3;5;0;0;0;0;0;0;0;0;0;892.70435688;605.19355189;288;0.8304226576;0.5203414686;0.310081189;0;10
2019;21;Ticino;13;GPS;PES;PES;GPS;2;12;8;4;1;1;0;0;0;0;1;1;0;13022.27189;4103.4265999;8919;12.113741293;3.5280994265;8.5856418669;0;5
2019;21;Ticino;16;EDU;UDF;UDF;EDU;1;7;3;4;0;0;0;;;;0;0;0;1135.41116;;1135;1.056196428;;1.056196428;0;8
2019;21;Ticino;18;Lega;Lega;Lega;Lega;1;8;2;6;1;0;1;2;1;1;-1;-1;0;18196.981051;25220.777909;-7024;16.927424234;21.684660347;-4.757236113;0;3
2019;21;Ticino;31;GLP;PVL;PVL;GLP;1;8;3;5;0;0;0;0;0;0;0;0;0;1063.0609291;986.50120927;77;0.9888938875;0.8481873054;0.1407065821;0;9
2019;21;Ticino;35;Übrige;Autres;Rimanenti;Others;6;26;16;10;0;0;0;0;0;0;0;0;0;3905.6296666;2758.4528188;1147;3.6331438759;2.3716997419;1.261444134;0;7
2019;22;Vaud;1;FDP;PLR;PLR;FDP;3;57;22;35;5;2;3;5;1;4;0;1;-1;42839.647924;48358.289662;-5519;23.339751958;26.836494518;-3.49674256;1;1
2019;22;Vaud;2;CVP;PDC;PPD;CVP;2;29;6;23;0;0;0;1;0;1;-1;0;-1;4451.216084;7303.8170949;-2853;2.4250964783;4.0532626112;-1.628166133;0;7
2019;22;Vaud;3;SP;PS;PS;SP;2;38;20;18;5;2;3;5;4;1;0;-2;2;37421.225438;40011.127017;-2590;20.387705362;22.204225964;-1.816520602;0;2
2019;22;Vaud;4;SVP;UDC;UDC;SVP;2;38;8;30;3;0;3;4;0;4;-1;0;-1;31898.226938;40649.514084;-8751;17.378684016;22.55849968;-5.179815664;0;4
2019;22;Vaud;7;EVP;PEV;PEV;EVP;1;19;5;14;0;0;0;0;0;0;0;0;0;2386.2590886;1911.6338854;475;1.3000735985;1.0608636626;0.239209936;0;9
2019;22;Vaud;9;PdA/Sol.;PST/Sol.;PdL/Sol.;PdA/Sol.;2;38;19;19;0;0;0;0;0;0;0;0;0;7467.5280734;5184.4129958;2283;4.0684333653;2.8770966036;1.1913367617;0;6
2019;22;Vaud;13;GPS;PES;PES;GPS;2;38;19;19;4;3;1;2;0;2;2;3;-1;36117.839341;20272.672258;15845;19.677598961;11.250345323;8.4272536379;0;3
2019;22;Vaud;14;SD;DS;DS;SD;1;9;3;6;0;0;0;0;0;0;0;0;0;131.73439922;231.72181825;-100;0.0717710894;0.1285943185;-0.056823229;0;12
2019;22;Vaud;16;EDU;UDF;UDF;EDU;1;8;1;7;0;0;0;0;0;0;0;0;0;609.60296115;1258.9099912;-649;0.3321218216;0.6986337051;-0.366511883;0;11
2019;22;Vaud;31;GLP;PVL;PVL;GLP;2;38;16;22;2;1;1;1;1;0;1;0;1;15368.021402;7012.9274173;8355;8.3727533954;3.8918330137;4.4809203818;0;5
2019;22;Vaud;32;BDP;PBD;PBD;BDP;1;12;3;9;0;0;0;0;0;0;0;0;0;690.2125114;3258.783636;-2569;0.3760392439;1.8084661347;-1.432426891;0;10
2019;22;Vaud;35;Übrige;Autres;Rimanenti;Others;5;50;22;28;0;0;0;0;0;0;0;0;0;4166.4858405;4742.1901396;-576;2.2699707109;2.6316844656;-0.361713755;0;8
2019;23;Valais / Wallis;1;FDP;PLR;PLR;FDP;8;41;17;24;1;0;1;1;0;1;0;0;0;19598.5483;22808.267532;-3210;16.481001968;18.137787301;-1.656785334;0;3
2019;23;Valais / Wallis;2;CVP;PDC;PPD;CVP;8;46;13;33;3;0;3;4;2;2;-1;-2;1;41364.248057;50035.731565;-8671;34.784426029;39.789846175;-5.005420146;1;1
2019;23;Valais / Wallis;3;SP;PS;PS;SP;8;42;22;20;1;0;1;1;0;1;0;0;0;17916.724575;16670.346113;1246;15.066706393;13.256736472;1.8099699216;0;4
2019;23;Valais / Wallis;4;SVP;UDC;UDC;SVP;8;52;8;44;2;0;2;2;0;2;0;0;0;23516.728566;27844.285551;-4328;19.775916248;22.142573003;-2.366656754;0;2
2019;23;Valais / Wallis;8;CSP;PCS;PCS;CSP;2;12;5;7;0;0;0;0;0;0;0;0;0;1225.4270324;1778.0395731;-553;1.0304980258;1.4139479707;-0.383449945;0;7
2019;23;Valais / Wallis;13;GPS;PES;PES;GPS;4;32;20;12;1;0;1;0;0;0;1;0;1;12591.246827;6147.2131995;6444;10.588353818;4.8884399201;5.6999138981;0;5
2019;23;Valais / Wallis;31;GLP;PVL;PVL;GLP;1;6;2;4;0;0;0;;;;0;0;0;946.82240495;;947;0.7962111112;;0.7962111112;0;8
2019;23;Valais / Wallis;35;Übrige;Autres;Rimanenti;Others;1;5;3;2;0;0;0;0;0;0;0;0;0;1756.2542388;466.11646623;1290;1.4768864062;0.370669158;1.1062172482;0;6
2019;24;Neuchâtel;1;FDP;PLR;PLR;FDP;2;8;2;6;1;0;1;1;0;1;0;0;0;9889.582481;11135.427268;-1246;22.348833882;24.425153033;-2.076319151;1;1
2019;24;Neuchâtel;2;CVP;PDC;PPD;CVP;1;3;1;2;0;0;0;0;0;0;0;0;0;1846.5247732;1627.4894268;219;4.1728430391;3.5698386199;0.6030044191;0;7
2019;24;Neuchâtel;3;SP;PS;PS;SP;2;8;3;5;1;0;1;1;0;1;0;0;0;7360.773009;10786.081525;-3425;16.634139362;23.658875904;-7.024736542;0;3
2019;24;Neuchâtel;4;SVP;UDC;UDC;SVP;2;6;2;4;0;0;0;1;0;1;-1;0;-1;5601.6232251;9293.307123;-3692;12.658749463;20.384529772;-7.725780308;0;5
2019;24;Neuchâtel;9;PdA/Sol.;PST/Sol.;PdL/Sol.;PdA/Sol.;2;8;4;4;1;0;1;1;0;1;0;0;0;6249.9709715;5571.7728436;678;14.123909;12.221480245;1.902428755;0;4
2019;24;Neuchâtel;13;GPS;PES;PES;GPS;1;4;2;2;1;0;1;0;0;0;1;0;1;9207.8043039;4243.9038397;4964;20.808127057;9.3088480801;11.499278977;0;2
2019;24;Neuchâtel;31;GLP;PVL;PVL;GLP;2;8;4;4;0;0;0;0;0;0;0;0;0;4012.4114637;1543.007123;2469;9.0673916154;3.3845297718;5.6828618436;0;6
2019;24;Neuchâtel;32;BDP;PBD;PBD;BDP;;;;;;;;0;0;0;0;0;0;;436.87245409;-437;;0.958263773;-0.958263773;;
2019;24;Neuchâtel;35;Übrige;Autres;Rimanenti;Others;1;1;0;1;0;0;0;0;0;0;0;0;0;82.3097725;952.13839733;-870;0.1860065818;2.0884808013;-1.90247422;0;8
2019;25;Genève;1;FDP;PLR;PLR;FDP;2;12;3;9;2;1;1;3;0;3;-1;1;-2;17803.540343;21291.434759;-3488;17.927960388;20.511781928;-2.58382154;0;2
2019;25;Genève;2;CVP;PDC;PPD;CVP;2;12;7;5;1;0;1;1;0;1;0;0;0;7609.9808857;12510.239264;-4900;7.6631632386;12.052137517;-4.388974279;0;5
2019;25;Genève;3;SP;PS;PS;SP;3;16;7;9;2;1;1;3;1;2;-1;0;-1;14628.013278;20693.500607;-6065;14.730241151;19.935743015;-5.205501863;0;3
2019;25;Genève;4;SVP;UDC;UDC;SVP;3;19;4;15;2;1;1;2;1;1;0;0;0;13556.195706;18301.948403;-4746;13.650933183;17.631765015;-3.980831832;0;4
2019;25;Genève;7;EVP;PEV;PEV;EVP;1;10;3;7;0;0;0;0;0;0;0;0;0;697.5146155;610.93472506;87;0.7023891965;0.5885634291;0.1138257674;0;10
2019;25;Genève;9;PdA/Sol.;PST/Sol.;PdL/Sol.;PdA/Sol.;5;48;25;23;1;1;0;0;0;0;1;1;0;7371.1036999;6290.8942584;1080;7.4226166596;6.0605333845;1.3620832751;0;6
2019;25;Genève;13;GPS;PES;PES;GPS;3;27;14;13;3;2;1;1;1;0;2;1;1;24440.756485;11903.453658;12537;24.611560716;11.467571274;13.143989442;1;1
2019;25;Genève;16;EDU;UDF;UDF;EDU;1;1;1;0;0;0;0;0;0;0;0;0;0;110.97976904;232.903881;-122;0.1117553512;0.2243753731;-0.112620022;0;12
2019;25;Genève;31;GLP;PVL;PVL;GLP;2;10;5;5;1;0;1;0;0;0;1;0;1;5407.0493879;2355.5009691;3052;5.4448365535;2.2692468946;3.1755896589;0;7
2019;25;Genève;32;BDP;PBD;PBD;BDP;1;2;0;2;0;0;0;0;0;0;0;0;0;369.73519093;1064.0185221;-694;0.3723190854;1.0250561383;-0.652737053;0;11
2019;25;Genève;33;MCR;MCR;MCR;MCR;1;9;3;6;0;0;0;1;0;1;-1;0;-1;5337.5178557;8183.9989634;-2846;5.3748191003;7.8843161081;-2.509497008;0;8
2019;25;Genève;35;Übrige;Autres;Rimanenti;Others;4;10;4;6;0;0;0;0;0;0;0;0;0;1973.612783;362.17198914;1611;1.9874053764;0.348909923;1.6384954534;0;9
2019;26;Jura;1;FDP;PLR;PLR;FDP;3;6;3;3;0;0;0;0;0;0;0;0;0;2040.8079881;4668.7712473;-2628;9.0734838523;16.784481044;-7.710997192;0;6
2019;26;Jura;2;CVP;PDC;PPD;CVP;3;6;3;3;1;0;1;1;0;1;0;0;0;5118.8136492;7686.0727858;-2567;22.758374752;27.631840616;-4.873465864;0;2
2019;26;Jura;3;SP;PS;PS;SP;2;4;1;3;1;0;1;1;0;1;0;0;0;6074.8000981;6595.3182796;-521;27.008714646;23.710520131;3.2981945146;1;1
2019;26;Jura;4;SVP;UDC;UDC;SVP;3;6;1;5;0;0;0;0;0;0;0;0;0;3254.9659215;3573.4907888;-319;14.471660686;12.84688952;1.6247711664;0;4
2019;26;Jura;7;EVP;PEV;PEV;EVP;1;2;0;2;0;0;0;;;;0;0;0;322.83968173;;323;1.4353533778;;1.4353533778;0;7
2019;26;Jura;8;CSP;PCS;PCS;CSP;3;6;3;3;0;0;0;0;0;0;0;0;0;2165.6326476;1840.0510549;326;9.6284574409;6.6150814456;3.0133759953;0;5
2019;26;Jura;9;PdA/Sol.;PST/Sol.;PdL/Sol.;PdA/Sol.;;;;;;;;0;0;0;0;0;0;;1051.0267026;-1051;;3.7784969175;-3.778496918;;
2019;26;Jura;13;GPS;PES;PES;GPS;2;4;2;2;0;0;0;0;0;0;0;0;0;3514.1400138;2023.6035652;1491;15.623955246;7.2749624862;8.3489927593;0;3
2019;26;Jura;35;Übrige;Autres;Rimanenti;Others;;;;;;;;0;0;0;0;0;0;;377.6655759;-378;;1.3577278397;-1.35772784;;
